[
    {
        "time": "11:00:20",
        "jerk": 4.41,
        "lat": 21.203847013559233,
        "lon": 81.64733070717963,
        "distance_to_toll_gate_km": 5.42
    },
    {
        "time": "11:00:21",
        "jerk": 3.59,
        "lat": 21.33234714465975,
        "lon": 81.68269258580257,
        "distance_to_toll_gate_km": 10.71
    },
    {
        "time": "11:00:25",
        "jerk": 4.69,
        "lat": 21.24618437055466,
        "lon": 81.68603599697632,
        "distance_to_toll_gate_km": 5.85
    },
    {
        "time": "11:00:26",
        "jerk": 4.87,
        "lat": 21.306750640623957,
        "lon": 81.67634926132897,
        "distance_to_toll_gate_km": 7.98
    },
    {
        "time": "11:00:30",
        "jerk": 4.71,
        "lat": 21.329737367562785,
        "lon": 81.61725305538764,
        "distance_to_toll_gate_km": 8.99
    },
    {
        "time": "11:00:31",
        "jerk": 3.59,
        "lat": 21.239436085369988,
        "lon": 81.626712078971,
        "distance_to_toll_gate_km": 1.18
    },
    {
        "time": "11:00:33",
        "jerk": 4.25,
        "lat": 21.2399203721265,
        "lon": 81.71877106114695,
        "distance_to_toll_gate_km": 9.3
    },
    {
        "time": "11:00:39",
        "jerk": 3.88,
        "lat": 21.250133981460902,
        "lon": 81.66257203308209,
        "distance_to_toll_gate_km": 3.41
    },
    {
        "time": "11:00:40",
        "jerk": 3.7,
        "lat": 21.202230977296402,
        "lon": 81.62216012503328,
        "distance_to_toll_gate_km": 5.33
    },
    {
        "time": "11:00:41",
        "jerk": 5.34,
        "lat": 21.34474791179548,
        "lon": 81.65869692789647,
        "distance_to_toll_gate_km": 10.99
    },
    {
        "time": "11:00:43",
        "jerk": 3.92,
        "lat": 21.283707369603018,
        "lon": 81.61685553579285,
        "distance_to_toll_gate_km": 4.01
    },
    {
        "time": "11:00:44",
        "jerk": 4.31,
        "lat": 21.306159584797378,
        "lon": 81.71760499639235,
        "distance_to_toll_gate_km": 11.07
    }
]